id,text,label,cleaned
7x7dx,c07nkao c07nk63,1 0,c07nkao c07nk63
7xtxk,c07pji4 c07ppds,1 0,c07pji4 c07ppds
7zh5l,c07twag c07twp2,1 0,c07twag c07twp2
80nmo,c07y1rj c07xhyn,0 1,c07y1rj c07xhyn
8139p,c07yhlm c07yoiw,1 0,c07yhlm c07yoiw
bnmod,c0nnujf c0nofrs,1 0,c0nnujf c0nofrs
boess,c0ns0me c0nru3a,1 0,c0ns0me c0nru3a
bppwt,c0nyfx0 c0nylfu,1 0,c0nyfx0 c0nylfu
bqs92,c0o4fkr c0o4uu3,1 0,c0o4fkr c0o4uu3
brelu,c0o78ue c0o77tt,0 1,c0o78ue c0o77tt
bsabi,c0obdpq c0obx5c,0 1,c0obdpq c0obx5c
btr9t,c0ojspf c0oipwz,1 0,c0ojspf c0oipwz
bwfbk,c0oxmjp c0owyod,0 1,c0oxmjp c0owyod
hoxvh,c1x6nos c1x6e26,0 1,c1x6nos c1x6e26
hqa1x,c1xiujs c1xj4e2,1 0,c1xiujs c1xj4e2
hpopn,c1xeuca c1xdepf,0 1,c1xeuca c1xdepf
hpibh c1xcjy1,c1xe4yn c1xd1gh,1 0,c1xe4yn c1xd1gh
hqdex,c1xls27 c1xjvjx,1 0,c1xls27 c1xjvjx
hrqx6,c1xsn6u c1xsmwb,1 0,c1xsn6u c1xsmwb
ht4dp,c1y6az5 c1y73ph,0 1,c1y6az5 c1y73ph
httvg,c1yhlfy c1ydyi4,0 1,c1yhlfy c1ydyi4
huypk,c1yky0x c1yld5h,1 0,c1yky0x c1yld5h
hwa9f,c1yznyj c1yxgvq,0 1,c1yznyj c1yxgvq
hyqbs,c1zixlu c1zk5r7,0 1,c1zixlu c1zk5r7
i10z2 c200dqh,c2019zy c201p2n,0 1,c2019zy c201p2n
i0v01,c205da7 c201mb5,1 0,c205da7 c201mb5
i31i5,c20hat6 c20hm26,0 1,c20hat6 c20hm26
i30xy,c20huhw c20j5c2,1 0,c20huhw c20j5c2
i5m25,c2156kx c216ur2,0 1,c2156kx c216ur2
i5ix7,c213wsn c213wu6,1 0,c213wsn c213wu6
i55ez,c2112a2 c2124qc,1 0,c2112a2 c2124qc
i6i1y,c21btxl c21bxjw,1 0,c21btxl c21bxjw
i6azj,c218xmo c219oqo,0 1,c218xmo c219oqo
i67yx,c219dep c218r1y,1 0,c219dep c218r1y
i66yr,c218t7p c21b8d6,0 1,c218t7p c21b8d6
i77mp,c21hz0p c21jnd1,1 0,c21hz0p c21jnd1
i71yj,c21f7uk c21fgm1,0 1,c21f7uk c21fgm1
i7rm2,c21mczl c21mjv8,1 0,c21mczl c21mjv8
i86hm,c21u68b c21ppz0,0 1,c21u68b c21ppz0
i9ggf,c21yokq c21ylfx,0 1,c21yokq c21ylfx
icglt,c22p5hs c22r7on,0 1,c22p5hs c22r7on
idd79,c22ue2n c22ubac,1 0,c22ue2n c22ubac
icss2,c22yic9 c22wifl,1 0,c22yic9 c22wifl
xj326 c5mxn5r,c5mytq8 c5myier,0 1,c5mytq8 c5myier
xie15,c5mw3ss c5muofa,1 0,c5mw3ss c5muofa
xi8mw,c5mtbgs c5mo4v9,0 1,c5mtbgs c5mo4v9
xhzec,c5mrcci c6b5kkp,1 0,c5mrcci c6b5kkp
xjk69,c5mxj9p c5mwsfa,0 1,c5mxj9p c5mwsfa
xmlc7,c5nxigi c5o1sam,1 0,c5nxigi c5o1sam
xmaqj,c5nlo2y c5nz71q,0 1,c5nlo2y c5nz71q
xm6bg,c5ns0dz c5nno0q,1 0,c5ns0dz c5nno0q
xq8fc,c5onu71 c5opx75,1 0,c5onu71 c5opx75
xpnzm,c5oims2 c5ojlmt,1 0,c5oims2 c5ojlmt
xpmuw c5oiz4z,c5oke8t c5oj7ai,0 1,c5oke8t c5oj7ai
xpmuw,c5okq4e c5oje7v,0 1,c5okq4e c5oje7v
xs1mi,c5p2vp9 c5pawm6,1 0,c5p2vp9 c5pawm6
xs0ao,c5p3eq6 c5p5jfz,0 1,c5p3eq6 c5p5jfz
xrvis,c5p1x5k c5p333u,0 1,c5p1x5k c5p333u
xr1n9,c5oxrd4 c5oxzzt,1 0,c5oxrd4 c5oxzzt
xuho2,c5pts2t c5pqztk,1 0,c5pts2t c5pqztk
xtp2x,c5pj7gg c5poeqg,1 0,c5pj7gg c5poeqg
xtfri,c5phf2x c5ph6wc,0 1,c5phf2x c5ph6wc
xtdmm,c5peou1 c5pfk3z,0 1,c5peou1 c5pfk3z
xsyfa,c5pefwr c5pm9ro,1 0,c5pefwr c5pm9ro
xwfy5,c5qgxzo c5qb2fn,0 1,c5qgxzo c5qb2fn
xync4,c5qs3j6 c5qw1ww,1 0,c5qs3j6 c5qw1ww
xy8vh,c5qml3s c5qq2q7,1 0,c5qml3s c5qq2q7
xxvr1 c5qkdfp c5qkvuc,c5qpm51 c5qlswd,1 0,c5qpm51 c5qlswd
xx9bp c5qdm5d,c5qi6lx c5qdy4x,1 0,c5qi6lx c5qdy4x
y06wj c5r4pvg c5r544x,c5r5dei c5r5bvz,0 1,c5r5dei c5r5bvz
xznqk,c5r5l52 c5r2emo,0 1,c5r5l52 c5r2emo
y26ts,c5rq3y2 c5rw16c,1 0,c5rq3y2 c5rw16c
y3li3,c5siim0 c5s4ntt,1 0,c5siim0 c5s4ntt
y2pt0,c5rueiu c5rws3v,1 0,c5rueiu c5rws3v
y4nwq,c5saush c5sd1sd,1 0,c5saush c5sd1sd
y7x92 c5t59ac,c5t9eha c5t5lty,1 0,c5t9eha c5t5lty
y7s2t,c5thjsk c5t5kz3,1 0,c5thjsk c5t5kz3
y7oml,c5te1bj c5t2ilt,0 1,c5te1bj c5t2ilt
y7fnp,c5szwpw c5td71k,1 0,c5szwpw c5td71k
y9yq9,c5tnfiw c5tnw0z,0 1,c5tnfiw c5tnw0z
y9k65,c5tl7tb c5tjih0,1 0,c5tl7tb c5tjih0
y9e9o,c5tkl3t c5ti4fw,1 0,c5tkl3t c5ti4fw
ycbi8,c5uj2q2 c5ugq2c,0 1,c5uj2q2 c5ugq2c
ybyen,c5uacy8 c5umoyy,0 1,c5uacy8 c5umoyy
ybmv3,c5u6mco c5ugrpf,0 1,c5u6mco c5ugrpf
ybm1x,c5u3t5e c5u5h2b,1 0,c5u3t5e c5u5h2b
yb2vq,c5tz0q3 c5u3m6v,1 0,c5tz0q3 c5u3m6v
yddgf,c5v0ihx c5uk6fw,0 1,c5v0ihx c5uk6fw
ycty6,c5ue6pd c5ujx04,0 1,c5ue6pd c5ujx04
yha4j,c5vspye c5vsoy9,1 0,c5vspye c5vsoy9
ygzm8,c5vnlx9 c5vlp1i,1 0,c5vnlx9 c5vlp1i
yj4xa,c5wcztb c5w86pk,1 0,c5wcztb c5w86pk
yj0pq c5w0yno,c5wainp c5w4h4v,1 0,c5wainp c5w4h4v
yhwrm,c5vurmu c5w174r,0 1,c5vurmu c5w174r
ykppq,c5wkagc c5wkswx,1 0,c5wkagc c5wkswx
ynms9,c5x8uxw c5xcnx0,0 1,c5x8uxw c5xcnx0
yn31k,c5xkqg3 c5x63l3,0 1,c5xkqg3 c5x63l3
ypwwg,c5xsewy c5xts6b,0 1,c5xsewy c5xts6b
ypfyb,c5xnxjk c5xnfh2,1 0,c5xnxjk c5xnfh2
ypah4,c5xwl0d c5xs4z0,0 1,c5xwl0d c5xs4z0
yp74d,c5xr4wl c5xns8q,1 0,c5xr4wl c5xns8q
yozhk,c5xlnia c5xlotd,1 0,c5xlnia c5xlotd
ys3d8,c5ydknr c5yk1fc,0 1,c5ydknr c5yk1fc
ys1bu,c5yd1tn c5yinvl,1 0,c5yd1tn c5yinvl
yrbfh,c5y4rwl c5yhcw1,1 0,c5y4rwl c5yhcw1
yr5vr c5y66lk,c5yatww c5y6d4w,0 1,c5yatww c5y6d4w
yqkh5,c5xx96s c5xxdfg,0 1,c5xx96s c5xxdfg
ytv12,c5yuyiq c5ytk53,1 0,c5yuyiq c5ytk53
yuiwm,c5yza7l c5zsr6q,1 0,c5yza7l c5zsr6q
yxc8t,c5zn3xi c5zn5st,1 0,c5zn3xi c5zn5st
ywfoh,c5zgj0k c5zhns0,0 1,c5zgj0k c5zhns0
yw3ao c5zbw3d,c5zdbn9 c5zcj3o,0 1,c5zdbn9 c5zcj3o
yvw1w,c5zfkok c5zad1y,0 1,c5zfkok c5zad1y
yyiu7,c602ggx c601qm8,0 1,c602ggx c601qm8
z1k6z,c60v4yp c60wda6,1 0,c60v4yp c60wda6
z1hmz,c60z6i1 c60ry76,1 0,c60z6i1 c60ry76
z155w,c60vvuy c60tztz,1 0,c60vvuy c60tztz
z14rg,c60vmd3 c613nen,0 1,c60vmd3 c613nen
z351k,c613o61 c613jyo,0 1,c613o61 c613jyo
z31ui c616ii6 c618wh4,c619ol4 c64hm6m,1 0,c619ol4 c64hm6m
z2322 c60v2a6 c60vbl2 c60vc6v,c60w6p5 c60xw68,1 0,c60w6p5 c60xw68
z5b8n,c61swee c61tvbd,1 0,c61swee c61tvbd
z51ex c61ibze,c61j0iw c61pp9f,1 0,c61j0iw c61pp9f
1nifal,ccj6suq cciuukw,0 1,ccj6suq cciuukw
1ni8l3,cciwsr2 ccjd6gp,1 0,cciwsr2 ccjd6gp
1ni78d ccita8z,ccj8jep ccj0wc9,1 0,ccj8jep ccj0wc9
1nhzyd,ccj4bqu cciujv9,0 1,ccj4bqu cciujv9
1nhxz6,cciscol ccivt22,0 1,cciscol ccivt22
1nhuq6,cciuo44 ccivy4b,1 0,cciuo44 ccivy4b
1nhjdb,cciwgye cciqhxb,1 0,cciwgye cciqhxb
1nlz07,cck5dqo ccjy5t1,0 1,cck5dqo ccjy5t1
1nlt9n,cck3f06 ccjxtzo,0 1,cck3f06 ccjxtzo
1nlp81,ccjwpfd cck3klc,1 0,ccjwpfd cck3klc
1nl9bq,ccjll4e ccjqdjw,1 0,ccjll4e ccjqdjw
1nl43t,ccjpgpi ccjk64j,1 0,ccjpgpi ccjk64j
1nl070 ccjj4sd,ccjmbae ccjntud,1 0,ccjmbae ccjntud
1nkxk6,ccjitm6 cckr1h2,1 0,ccjitm6 cckr1h2
1nkr68,ccjjb3n ccjvwh6,1 0,ccjjb3n ccjvwh6
1nk2by,ccjf8ko ccjepq8,0 1,ccjf8ko ccjepq8
1nom9j,cckma75 cckkdxs,0 1,cckma75 cckkdxs
1no6t3,cckol7v cckldm6,0 1,cckol7v cckldm6
1no0kb,cckzryn cclsjqv,1 0,cckzryn cclsjqv
1nmyzs,cck3lpt cck4jzf,0 1,cck3lpt cck4jzf
1npwnx,cclg4hu cckvl96,0 1,cclg4hu cckvl96
1npbbl,cckwvcv cckyprw,0 1,cckwvcv cckyprw
1nsgj1 ccll1vs,cclz4vq cclpzjl,1 0,cclz4vq cclpzjl
1ns19p,cclrcqt cclpi8q,0 1,cclrcqt cclpi8q
1nreeq,ccldep1 cclecdo,1 0,ccldep1 cclecdo
1nus8h,ccmdj0y ccmc11x,1 0,ccmdj0y ccmc11x
1nuna4,ccmi19v ccminwo,1 0,ccmi19v ccminwo
1nu9zr,ccm94m2 ccmgar4,0 1,ccm94m2 ccmgar4
1ntq10 cclzcov,cclzovy ccm0fyf,0 1,cclzovy ccm0fyf
1ntf6e,cclz7iz ccm5kj2,0 1,cclz7iz ccm5kj2
1ntbby,cclzse7 cclvg85,0 1,cclzse7 cclvg85
1nxzjc,ccu6ey6 ccn7p4s,0 1,ccu6ey6 ccn7p4s
1nwe9g,ccmtu5g ccmv8o1,0 1,ccmtu5g ccmv8o1
1o0laf ccnrz65 ccnvxo4,ccnzt1h ccnw7s8,0 1,ccnzt1h ccnw7s8
1o0if7,ccnvoj6 ccnxbhn,1 0,ccnvoj6 ccnxbhn
1o0gvq,cco2x3g ccnuyzl,0 1,cco2x3g ccnuyzl
1o03ro,cco5cg7 cco0qiu,1 0,cco5cg7 cco0qiu
1nzuwo ccnpqz9,ccnrhj1 ccnqyqr,0 1,ccnrhj1 ccnqyqr
1o3s9c ccor9zi,ccoufat ccoru7e,1 0,ccoufat ccoru7e
1o3q0h,ccolhnb ccp3uu8,1 0,ccolhnb ccp3uu8
1o38jz,ccosmpj ccova0n,0 1,ccosmpj ccova0n
1o2v3i,ccofbxf ccoc5q3,0 1,ccofbxf ccoc5q3
1o2hk6,ccoe50q ccoetz9,1 0,ccoe50q ccoetz9
1o2fe4,ccoenxp ccocteq,0 1,ccoenxp ccocteq
1o26x5,ccofrd0 ccorsbj,1 0,ccofrd0 ccorsbj
1o20fa,cco7h8p ccoalvt,0 1,cco7h8p ccoalvt
1o1sf8,ccorakn cco2xzy,0 1,ccorakn cco2xzy
1o13vc,ccnwryn cco3l1q,1 0,ccnwryn cco3l1q
1o5a53,ccoxe23 ccowt44,1 0,ccoxe23 ccowt44
1o59em ccovng7,ccp1644 ccp17g5,0 1,ccp1644 ccp17g5
1o561v,ccow37w ccp1cll,0 1,ccow37w ccp1cll
1o8ltl,ccq2swj ccpy39z,0 1,ccq2swj ccpy39z
1o870k,ccpu7su ccq0on3,0 1,ccpu7su ccq0on3
1o85ks,ccpnfpb ccprn7y,1 0,ccpnfpb ccprn7y
1o8211,ccppra8 ccpnd1u,0 1,ccppra8 ccpnd1u
1o7qf6,ccpizw7 ccpoi2u,1 0,ccpizw7 ccpoi2u
1o7o39,ccppah3 ccplkf8,1 0,ccppah3 ccplkf8
1ob289,ccr9i0s ccqjj43,1 0,ccr9i0s ccqjj43
1oaral,ccqkkce ccqf51x,0 1,ccqkkce ccqf51x
1oajxv,ccqa5x6 ccqemfy,0 1,ccqa5x6 ccqemfy
1oai7o,ccqdbyu ccqof3g,0 1,ccqdbyu ccqof3g
1oa7ia,ccq6600 ccq632j,1 0,ccq6600 ccq632j
1o9rng,ccq2ojl ccq26hs,0 1,ccq2ojl ccq26hs
1oc7p4,ccqrfd4 ccqrvlg,0 1,ccqrfd4 ccqrvlg
1ogc0p,ccrxejd ccrxkkr,1 0,ccrxejd ccrxkkr
1ofm18 ccrjqlz,ccrrtwd ccrksc4,1 0,ccrrtwd ccrksc4
1ofiaq,ccrnduj ccrm65c,1 0,ccrnduj ccrm65c
1of99c,ccrz0sf ccrf2wv,0 1,ccrz0sf ccrf2wv
1of7oc ccrfh11,ccrib1h ccrilbx,1 0,ccrib1h ccrilbx
1oebr3,ccrerqo ccrkym7,0 1,ccrerqo ccrkym7
1oe5am,ccrauav ccr54tp,1 0,ccrauav ccr54tp
1oivgl,ccsgtxt ccswazs,1 0,ccsgtxt ccswazs
1oi0ve ccs3sbt,ccsdb8f ccsp2mh,0 1,ccsdb8f ccsp2mh
1ohqb0,ccsb5f0 ccs7r1q,0 1,ccsb5f0 ccs7r1q
1ohf7l,ccrylsl ccryrzy,0 1,ccrylsl ccryrzy
1ohamh,ccryhdg ccs6hhb,1 0,ccryhdg ccs6hhb
1ogzd2,ccsmdrj ccs7hho,0 1,ccsmdrj ccs7hho
1ogtvh ccrtrex,ccs34dg ccryj8g,1 0,ccs34dg ccryj8g
1oklgh,cct0ua9 cct1a4y,1 0,cct0ua9 cct1a4y
1okh82,ccssxs0 ccssyeu,0 1,ccssxs0 ccssyeu
1ojool,ccsvj82 cctmszy,0 1,ccsvj82 cctmszy
1oodl3,ccuda0f ccu9q2g,1 0,ccuda0f ccu9q2g
1onl8u,ccu5rvj ccu6k8w,0 1,ccu5rvj ccu6k8w
1on8u4 cctm551,cctxbln cctmi38,0 1,cctxbln cctmi38
1on5x8,cctm05q cctpify,0 1,cctm05q cctpify
1ookwi,ccu0jfq ccu9x2j,0 1,ccu0jfq ccu9x2j
1ot1lm,ccva1ss ccvappp,1 0,ccva1ss ccvappp
1oss18,ccv9ij7 ccvabh4,1 0,ccv9ij7 ccvabh4
1oslf3,ccvc46h ccvj217,1 0,ccvc46h ccvj217
1osik4,ccv4isf ccv8rxc,1 0,ccv4isf ccv8rxc
1oryjb,ccv0fod ccvchvz,0 1,ccv0fod ccvchvz
1orqwc,ccvhjjk ccv1gah,1 0,ccvhjjk ccv1gah
1ov1jn ccw73cm,ccwbtoh ccw9ym3,0 1,ccwbtoh ccw9ym3
1ouohw,ccvvv9f ccw5xi6,0 1,ccvvv9f ccw5xi6
1ou5mj,ccvpz2j ccvoa0t,0 1,ccvpz2j ccvoa0t
1owoh7,ccwdhz7 ccwdwp8,1 0,ccwdhz7 ccwdwp8
1owm42,ccwesv1 ccwj1ng,0 1,ccwesv1 ccwj1ng
1ow7wa,ccwi1ul ccwf62e,0 1,ccwi1ul ccwf62e
1ow3cc,ccwoi26 ccwf6ry,0 1,ccwoi26 ccwf6ry
1p0fcb,ccxmnmi ccxuxkm,0 1,ccxmnmi ccxuxkm
1p0e0s,ccxo3h1 ccxj3tn,0 1,ccxo3h1 ccxj3tn
1p005v,ccxhv4f ccxlx44,1 0,ccxhv4f ccxlx44
1ozjvm,ccx6y1m ccxfj6w,0 1,ccx6y1m ccxfj6w
1oz1g4 ccx6927,ccxfkm9 ccxgtjj,0 1,ccxfkm9 ccxgtjj
1oz1g4,ccxgrnb ccx6gm5,1 0,ccxgrnb ccx6gm5
1oz03b,ccx1n8f ccx2ifi,1 0,ccx1n8f ccx2ifi
1oywb9,ccx8b5e ccx1dyn,0 1,ccx8b5e ccx1dyn
1p27md,ccxz1m1 ccxyvcy,0 1,ccxz1m1 ccxyvcy
1p1xwx,ccxzlvx ccy0dkd,0 1,ccxzlvx ccy0dkd
1p1b4q,ccxqzqg ccxvkks,0 1,ccxqzqg ccxvkks
1p170v,ccxstmg ccxt2pl,1 0,ccxstmg ccxt2pl
1p1699,ccxol54 ccxonf3,0 1,ccxol54 ccxonf3
1p0zkx,ccxn35v ccxnvv7,0 1,ccxn35v ccxnvv7
1p0m8x ccxjggn ccxlr95,ccxs0a7 ccxp52c,1 0,ccxs0a7 ccxp52c
1p5haz,ccyyji0 ccyxo30,0 1,ccyyji0 ccyxo30
1p505y,cdeipgn ccytlwe,0 1,cdeipgn ccytlwe
1p4zl3,ccz0g3h ccz5vfa,0 1,ccz0g3h ccz5vfa
1p4g1i,ccymz6d ccyn29j,0 1,ccymz6d ccyn29j
1p37ud ccycylh,ccyeb13 cd09o8y,1 0,ccyeb13 cd09o8y
1p7pjn,cczm3v4 cczn5pi,0 1,cczm3v4 cczn5pi
1p77cn,cczfhxu cd03vg1,0 1,cczfhxu cd03vg1
1p6xz3,cczeqhw cczfewz,1 0,cczeqhw cczfewz
1p69eh,ccz6bbg ccz66mi,1 0,ccz6bbg ccz66mi
1p690m,ccza6jq cczij59,1 0,ccza6jq cczij59
1p6417,ccz5kmi ccz9xsw,0 1,ccz5kmi ccz9xsw
1p61yh,ccz4fzc ccz41kg,0 1,ccz4fzc ccz41kg
1p9peg cd05xyc,cd065u0 cd06543,1 0,cd065u0 cd06543
1p996u,cd033yx cd0a7e1,0 1,cd033yx cd0a7e1
1p92cq,cd01em8 cd028ii,1 0,cd01em8 cd028ii
1pc7on,cd0yz5c cd0wu7f,0 1,cd0yz5c cd0wu7f
1pbols,cd0uhsp cd0wtg3,1 0,cd0uhsp cd0wtg3
1pb7jz,cd16pp4 cd0nebq,0 1,cd16pp4 cd0nebq
1pb7e3 cd0l3gc,cd0sy5d cd0xkn5,0 1,cd0sy5d cd0xkn5
1pb7e3 cd0l9o5 cd0lfwx,cd0mltk cd0ny0b,0 1,cd0mltk cd0ny0b
1pb7e3 cd0nfps,cd0ql6f cd11qf5,1 0,cd0ql6f cd11qf5
1pb4zl,cd0ruq0 cd18e59,1 0,cd0ruq0 cd18e59
1paq9c,cd16bms cd0oym6,0 1,cd16bms cd0oym6
1pfdez,cd1pybz cd1pxww,0 1,cd1pybz cd1pxww
1peys5,cd1wg1z cd1mdwi,1 0,cd1wg1z cd1mdwi
1pdutq,cd1n8sk cd21gm1,1 0,cd1n8sk cd21gm1
1pdpax,cd1crez cd1gtt1,1 0,cd1crez cd1gtt1
1pdjua,cd49md2 cd1a79v,1 0,cd49md2 cd1a79v
1pd2cb,cd1bb0n cd1bcb9,0 1,cd1bb0n cd1bcb9
1phzpj,cd2npyp cd2if2a,0 1,cd2npyp cd2if2a
1phoov,cd2oy0v cd2r6ee,1 0,cd2oy0v cd2r6ee
1ph8y0,cd2azf3 cd2jlmf,0 1,cd2azf3 cd2jlmf
1pg9fo,cd1zorm cd1zrtw,1 0,cd1zorm cd1zrtw
1pfyik,cd1x8js cd1y0ys,1 0,cd1x8js cd1y0ys
1pfq4h cd2062v,cd28o4n cd28o07,1 0,cd28o4n cd28o07
1pfkwj cd1smmo,cd1sskv cd233sj,1 0,cd1sskv cd233sj
1pfkfk,cd1u8ie cd27agk,1 0,cd1u8ie cd27agk
1pjyee cd33ur4,cd3bz7c cd38g4a,0 1,cd3bz7c cd38g4a
1piy0u cd2y8mh,cd34iqf cd2zvok,0 1,cd34iqf cd2zvok
1pi5c8 cd2kytb,cd2o1wq cd2od5e,0 1,cd2o1wq cd2od5e
1pn5le,cd3z6x1 cd3z8ff,0 1,cd3z6x1 cd3z8ff
1pn4k9,cd4eam2 cd420jd,1 0,cd4eam2 cd420jd
1pn2jv,cd42h68 cd3yf5w,1 0,cd42h68 cd3yf5w
1pn18a,cd46joo cd4j48h,1 0,cd46joo cd4j48h
1pmvrd,cd4b3be cd4b1qg,0 1,cd4b3be cd4b1qg
1pmmej,cd3txpw cd3ty3p,0 1,cd3txpw cd3ty3p
1plu1v,cd3yzbo cd3q6x5,0 1,cd3yzbo cd3q6x5
1pkytl,cd3d6nu cd3d9jk,1 0,cd3d6nu cd3d9jk
2nwjol,cmiqhjp cmhq2ma,0 1,cmiqhjp cmhq2ma
2nwl1r,cmhnibs cmhmo87,1 0,cmhnibs cmhmo87
2nwplr,cmhm08u cmhppwm,0 1,cmhm08u cmhppwm
2nwvmt,cmhxgz0 cmhp3dy,1 0,cmhxgz0 cmhp3dy
2nxc0v,cmhyudc cmi222y,1 0,cmhyudc cmi222y
2nxo7c,cmi9vzx cmi3ldq,1 0,cmi9vzx cmi3ldq
2nxsja,cmhwqlo cmipjaf,1 0,cmhwqlo cmipjaf
2nxxg6,cmibflh cmhxast,1 0,cmibflh cmhxast
2ny2z2,cmhyyoi cmi51im,0 1,cmhyyoi cmi51im
2nyadp,cmi1npl cmi556j,0 1,cmi1npl cmi556j
2nygy7,cmi3a5o cmi7p3x,1 0,cmi3a5o cmi7p3x
2nynox,cmi49gg cmi6t5f,0 1,cmi49gg cmi6t5f
2nyu0q,cmj1m8d cmicl4y,0 1,cmj1m8d cmicl4y
2nz4ax,cmijikr cmi7lkh,1 0,cmijikr cmi7lkh
2nza1v,cmimr35 cmifbvp,0 1,cmimr35 cmifbvp
2nzdjv,cmi9tzn cmibtv8,0 1,cmi9tzn cmibtv8
2nzmth,cmie2sb cmjgng5,1 0,cmie2sb cmjgng5
2nzsy3,cmimasc cmit08u,1 0,cmimasc cmit08u
2nzx3k,cmiq3ok cmihnis,0 1,cmiq3ok cmihnis
2o0ey3,cmil3zk cmiuqcl,0 1,cmil3zk cmiuqcl
2o0xz8,cmizk1p cmj5bc5,0 1,cmizk1p cmj5bc5
2o1cp6 cmiwsmo,cmizih7 cmjc6sk,1 0,cmizih7 cmjc6sk
2o1h8s cmiz1hh,cmjd41y cmjbat7,0 1,cmjd41y cmjbat7
2o1qcw,cmiv5x6 cmive87,0 1,cmiv5x6 cmive87
2o21zl,cmjqel4 cmjfu2n,0 1,cmjqel4 cmjfu2n
2o2f15,cmja7ck cmj2jh0,0 1,cmja7ck cmj2jh0
2o2hr0,cmj44n8 cmj3kir,0 1,cmj44n8 cmj3kir
2o2s91,cmj6wla cmjjlyy,1 0,cmj6wla cmjjlyy
2o2ses,cmj7pt0 cmj5xmm,1 0,cmj7pt0 cmj5xmm
2o3bfe,cmjxxc1 cmjfxkg,0 1,cmjxxc1 cmjfxkg
2o3mo8,cmjh57d cmkyf1w,1 0,cmjh57d cmkyf1w
2o3uwa,cmjkhru cmjl18h,0 1,cmjkhru cmjl18h
2o4uaq,cmjsuvq cmjrc8k,0 1,cmjsuvq cmjrc8k
2o5buq,cmjzk41 cmjukhe,1 0,cmjzk41 cmjukhe
2o5msb,cmkpikj cmjwwl4,1 0,cmkpikj cmjwwl4
2o5ps0,cmka2xt cmkajwp,1 0,cmka2xt cmkajwp
2o5r5n,cmky0jg cmlz19d,0 1,cmky0jg cmlz19d
2o6hd4,cmkhs82 cmlmrlf,1 0,cmkhs82 cmlmrlf
2o6j7s cmkak6f,cmkbbpy cmkdz1x,0 1,cmkbbpy cmkdz1x
2o703f,cmks4c6 cmkqqui,0 1,cmks4c6 cmkqqui
2o76tv cmkd4k5,cmksp3l cmkm8dy,0 1,cmksp3l cmkm8dy
2o76tv,cmkqbqs cmknlrp,0 1,cmkqbqs cmknlrp
2o7ev4,cmkvc8r cmkpcmt,1 0,cmkvc8r cmkpcmt
2o7lbb,cmkoejt cml6zmb,0 1,cmkoejt cml6zmb
2o7zoe,cmklba3 cmkmfc5,1 0,cmklba3 cmkmfc5
2o8eus,cmksaz1 cmkvzg0,1 0,cmksaz1 cmkvzg0
2o8ouj,cml277b cmkzhcp,0 1,cml277b cmkzhcp
2o937k,cml5ywx cmlesah,1 0,cml5ywx cmlesah
2o9573 cmkvchi,cml2jtf cmlghzd,1 0,cml2jtf cmlghzd
2o95qo,cmkwf2y cml4flr,1 0,cmkwf2y cml4flr
2o9d2v,cmky2nn cmkxthy,1 0,cmky2nn cmkxthy
2o9kkm cml1t94,cmlot66 cmlc5r6,0 1,cmlot66 cmlc5r6
2o9qwa,cml6ff3 cml8uaa,1 0,cml6ff3 cml8uaa
2o9zsv,cmlca9p cml73su,1 0,cmlca9p cml73su
2oa1f4,cmlv8s2 cmlazmy,1 0,cmlv8s2 cmlazmy
2oa8hi,cmlgc7w cmlgrjq,1 0,cmlgc7w cmlgrjq
2oa9ki,cmlk544 cmlaptu,0 1,cmlk544 cmlaptu
2oawfe,cmlde13 cmll71v,1 0,cmlde13 cmll71v
2ob2cj,cmleyvc cmlqf7k,1 0,cmleyvc cmlqf7k
2ob3ki,cmln6m9 cmlg2kr,0 1,cmln6m9 cmlg2kr
2ob68w,cmljpxp cmlni6a,0 1,cmljpxp cmlni6a
2obswr,cmlpk19 cmmlhj5,0 1,cmlpk19 cmmlhj5
2ocflp,cmlvicf cmlttbb,1 0,cmlvicf cmlttbb
2octtv,cmlxwva cmlwqzq,0 1,cmlxwva cmlwqzq
2od52o,cmm9uhe cmm4hys,1 0,cmm9uhe cmm4hys
2oddba,cmmn0ea cmmgkgg,1 0,cmmn0ea cmmgkgg
2odjpo cmm69dg,cmma812 cmm6ayq,0 1,cmma812 cmm6ayq
2odqdn,cmm7nw2 cmm9bdz,0 1,cmm7nw2 cmm9bdz
2oed0t,cmmvohw cmmmvhj,1 0,cmmvohw cmmmvhj
2oedrq cmmeoq9,cmowylw cmmfzma,0 1,cmowylw cmmfzma
2of1um,cmmr76r cmmksu6,0 1,cmmr76r cmmksu6
2of88z,cmncqev cmmlx0p,1 0,cmncqev cmmlx0p
2ofb1w,cmmu1rk cmmqq6a,1 0,cmmu1rk cmmqq6a
2ofd39,cmmohgm cmmmyeb,0 1,cmmohgm cmmmyeb
2off7s,cmmmi1a cmmnqz6,0 1,cmmmi1a cmmnqz6
2ofx30,cmmumh1 cmmrz0n,0 1,cmmumh1 cmmrz0n
2ogc30,cmn1m6p cmn2yzf,0 1,cmn1m6p cmn2yzf
2ogdrt,cmmv53o cmmvgcg,0 1,cmmv53o cmmvgcg
2oh6br,cmnq4br cmn34h5,0 1,cmnq4br cmn34h5
2oh8by,cmnla0j cmnfyeq,0 1,cmnla0j cmnfyeq
2oh9ao,cmnipzf cmn5mdc,0 1,cmnipzf cmn5mdc
2ohte6,cmnjona cmnnq5e,1 0,cmnjona cmnnq5e
2ohtwq,cmodq8t cmnozhc,0 1,cmodq8t cmnozhc
2oi8s7,cmnhdhp cmnjalp,0 1,cmnhdhp cmnjalp
2oi926,cmnjg11 cmnma5m,0 1,cmnjg11 cmnma5m
2oiov8,cmnt1aq cmns9vg,1 0,cmnt1aq cmns9vg
2ojgy5 cmnsmsh,cmo3xuy cmo1idg,0 1,cmo3xuy cmo1idg
2ojmmx,cmnui5d cn5df1x,1 0,cmnui5d cn5df1x
2ojuys,cmo2ghr cmoc0t4,0 1,cmo2ghr cmoc0t4
2ojwg2,cmofkuv cmnusk2,1 0,cmofkuv cmnusk2
2ojyqr,cmntv8m cmnv07a,1 0,cmntv8m cmnv07a
2okd0x,cmnzm88 cmnxhj1,1 0,cmnzm88 cmnxhj1
2okplp,cmo6rua cmo9tll,0 1,cmo6rua cmo9tll
2okv1j,cmoeun6 cmogju0,1 0,cmoeun6 cmogju0
2oldm3,cmopesv cmowpsu,1 0,cmopesv cmowpsu
2oln0r,cmoaphb cmoaue0,1 0,cmoaphb cmoaue0
2olqok,cmod319 cmobkjb,1 0,cmod319 cmobkjb
2om1as cmojgph,cmomyte cmol5xp,1 0,cmomyte cmol5xp
2om74i,cmog9cn cmoggvv,1 0,cmog9cn cmoggvv
2om9c7 cmooybz,cmowz1k cmoytff,0 1,cmowz1k cmoytff
2omji1,cmokkvc cmona2a,0 1,cmokkvc cmona2a
2omuw7,cmoro04 cmop78a,1 0,cmoro04 cmop78a
2ona32 cmoplao,cmopt8s cmoqbai,0 1,cmopt8s cmoqbai
2ongvx,cmorckj cmorgwy,0 1,cmorckj cmorgwy
2oniap,cmp6w81 cmp0url,1 0,cmp6w81 cmp0url
2onokd,cmp7cc8 cmow47t,1 0,cmp7cc8 cmow47t
2onquf,cmow8h5 cmp0dvr,0 1,cmow8h5 cmp0dvr
2ooax9,cmpcgy2 cmp32d4,1 0,cmpcgy2 cmp32d4
2ooceb,cmpodee cmpc7jo,0 1,cmpodee cmpc7jo
2oogom,cmpj10n cmpdwa5,1 0,cmpj10n cmpdwa5
2oop03,cmpjg37 cmpd788,0 1,cmpjg37 cmpd788
2op269,cmp7437 cmp73kf,0 1,cmp7437 cmp73kf
2oq2ov,cmpp9rb cmpqcp9,0 1,cmpp9rb cmpqcp9
2oqdav,cmppcwb cmpqat3,1 0,cmppcwb cmpqat3
2oqzwh,cmq0dbo cmppf55,1 0,cmq0dbo cmppf55
2or08f,cmpoz3d cmpvc5o,1 0,cmpoz3d cmpvc5o
2or6gi cmprmxn,cmqepbb cmq3b12,0 1,cmqepbb cmq3b12
2or9gv,cmq7xz0 cmr02nk,0 1,cmq7xz0 cmr02nk
2orc07,cmtnt6c cmpxfaz,0 1,cmtnt6c cmpxfaz
2orgvs,cmq4j23 cmptu2b,0 1,cmq4j23 cmptu2b
2oro3z,cmpy42l cmq52c3,1 0,cmpy42l cmq52c3
2os9pb,cmq0duy cmq0e5g,1 0,cmq0duy cmq0e5g
2osbxq,cmq41p0 cmq42i8,1 0,cmq41p0 cmq42i8
2ospng,cmq5mv7 cmqvaf0,0 1,cmq5mv7 cmqvaf0
2ot0hg,cmq84zw cmqm5an,0 1,cmq84zw cmqm5an
2otv7m,cmqgl3s cmqhaqr,0 1,cmqgl3s cmqhaqr
2ou9g9,cmqvpg1 cmqnoud,1 0,cmqvpg1 cmqnoud
2ouc6j,cmqofac cmqryz7,0 1,cmqofac cmqryz7
2ounjf,cmqqcuc cmqszn9,1 0,cmqqcuc cmqszn9
2ov6dl,cmr209q cmr6yi5,1 0,cmr209q cmr6yi5
2ovb90,cmrdy5l cmrfm16,0 1,cmrdy5l cmrfm16
2ovtm7,cmqybtd cmqyf4g,0 1,cmqybtd cmqyf4g
2ow2dq,cmr1ri5 cmr0oqv,1 0,cmr1ri5 cmr0oqv
2owc7h,cmrxap0 cmrgwxr,1 0,cmrxap0 cmrgwxr
2owc9u,cmr5lj9 cmr58x8,0 1,cmr5lj9 cmr58x8
2owcqk,cmrj4zz cmrf441,1 0,cmrj4zz cmrf441
2owmgt,cmr8fn2 cmr6kg6,1 0,cmr8fn2 cmr6kg6
2ox90v,cmrfpy8 cmrdobn,1 0,cmrfpy8 cmrdobn
2oxzac,cmsob62 cmrkdfn,0 1,cmsob62 cmrkdfn
2oy5oq,cmrlk7q cmrleh3,0 1,cmrlk7q cmrleh3
2oyeak,cmrxiy3 cmrwqje,0 1,cmrxiy3 cmrwqje
2oywhm,cmrxy2f cmrtf7k,0 1,cmrxy2f cmrtf7k
2oywnh,cms92jr cmruxhq,0 1,cms92jr cmruxhq
2oz2k4 cmrsntz cmrukb7 cmrwq6f,cmsh3mk cmrx7hg,1 0,cmsh3mk cmrx7hg
2oz4c3,cmsa30n cmrvli9,0 1,cmsa30n cmrvli9
2ozbkd,cms7mu2 cms0qil,0 1,cms7mu2 cms0qil
2ozlbt cms0idr,cms0yoi cms0lbi,1 0,cms0yoi cms0lbi
2ozpol,cms35jg cms0fec,0 1,cms35jg cms0fec
2p04yl cms8se4,cmsg57s cms8yt9,1 0,cmsg57s cms8yt9
2p09ro,cmsn5t2 cmslq1d,1 0,cmsn5t2 cmslq1d
2p0a6s,cms8fv3 cmsc94p,0 1,cms8fv3 cmsc94p
2p0i3b,cmsbawg cms8hjq,1 0,cmsbawg cms8hjq
2p0nkw,cms8vni cms8l0t,0 1,cms8vni cms8l0t
2p1d89,cmsrq6w cmtbxmu,0 1,cmsrq6w cmtbxmu
2p1dyn,cmsp73a cmsh0wq,0 1,cmsp73a cmsh0wq
2p1x5m,cmsuctf cmsx9v1,0 1,cmsuctf cmsx9v1
2p29mc,cmtbj6m cmt5tai,0 1,cmtbj6m cmt5tai
2p2lio,cmte2md cmtfka3,0 1,cmte2md cmtfka3
2p31jb,cmt8oc2 cmt79s9,1 0,cmt8oc2 cmt79s9
2p32wn cmtekmx,cmuuojv cmtj0il,0 1,cmuuojv cmtj0il
2p3e9f,cmt702a cmt6l7n,1 0,cmt702a cmt6l7n
2p45hm,cmt9e5b cmt6gwl,0 1,cmt9e5b cmt6gwl
2p4aye,cmt88cy cmt8qup,1 0,cmt88cy cmt8qup
2p4foe cmthn37 cmto7vj,cmtpqhp cmu2ptc,0 1,cmtpqhp cmu2ptc
2p5qz1,cmtokwb cmtmefb,0 1,cmtokwb cmtmefb
2p60rh,cmtraxr cmtpxmr,0 1,cmtraxr cmtpxmr
2p62tj,cmu9xai cmue5jn,1 0,cmu9xai cmue5jn
2p6360,cmtu46b cmtovr5,1 0,cmtu46b cmtovr5
2p6u1l,cmtxjuz cmu89pi,1 0,cmtxjuz cmu89pi
2p74mx cmu5c1z,cmubd1t cmu8kx8,1 0,cmubd1t cmu8kx8
2p8jnr,cmun5bv cmubct5,1 0,cmun5bv cmubct5
2p8qbx,cmudkwi cmuk3by,0 1,cmudkwi cmuk3by
2p95qt,cmurvtj cmva65n,0 1,cmurvtj cmva65n
2p96wd cmun83l,cmunjdm cmuxp5p,1 0,cmunjdm cmuxp5p
2p9dp7,cmuixmt cmusdmr,1 0,cmuixmt cmusdmr
2pa42j,cmvamxn cmvb83y,0 1,cmvamxn cmvb83y
2paakb,cmvfv2q cmv36wt,0 1,cmvfv2q cmv36wt
2pb0sg,cmvjalg cmvb0bb,0 1,cmvjalg cmvb0bb
2pb0sg cmvh4w8,cmvh7dl cmvh6ct,0 1,cmvh7dl cmvh6ct
2pb8sn,cmvau3y cmv253d,1 0,cmvau3y cmv253d
2pbg7k,cmv77mu cmvefw1,1 0,cmv77mu cmvefw1
2pbnik,cmvhmlx cmvgg69,0 1,cmvhmlx cmvgg69
2pbsqe,cmv7x2e cmvm6r0,0 1,cmv7x2e cmvm6r0
2pbzdg,cmvbd2u cmvktiq,1 0,cmvbd2u cmvktiq
2pcd7e,cmvd2j2 cmvdd1i,0 1,cmvd2j2 cmvdd1i
2pcqqz cmvg3a2 cmvguoz cmvhdhs cmvi4l6,cmvi8mw cmvj79e,0 1,cmvi8mw cmvj79e
2pczf8,cmvnv34 cmvwtjx,1 0,cmvnv34 cmvwtjx
2pd2sf,cmw3ult cmvo69f,1 0,cmw3ult cmvo69f
2pd8p4,cmvmz2z cmvmk77,0 1,cmvmz2z cmvmk77
2pdaej,cmwhng6 cmvm2xc,0 1,cmwhng6 cmvm2xc
2pdm6r,cmxc8j9 cmvybc3,1 0,cmxc8j9 cmvybc3
2pdm7c,cmw2ag1 cmvvaav,0 1,cmw2ag1 cmvvaav
2pdrki,cmvqbr5 cmvpvqh,0 1,cmvqbr5 cmvpvqh
2pe0mh,cmw8jxe cmvuryw,0 1,cmw8jxe cmvuryw
2pe18u,cmvsfnl cmvse43,1 0,cmvsfnl cmvse43
2peex5 cmvwaut,cmw2yto cmw02nw,1 0,cmw2yto cmw02nw
2peske,cmw1r5q cmw2n72,1 0,cmw1r5q cmw2n72
2pfk6y cmwa7lz,cmwd35k cmwawwd,0 1,cmwd35k cmwawwd
2pg57a,cmwdtvh cmwrj8n,1 0,cmwdtvh cmwrj8n
2pgew3,cmwfsui cmwm5bn,0 1,cmwfsui cmwm5bn
2pgu9m,cmwr5nz cmwopx9,1 0,cmwr5nz cmwopx9
2pgv2h,cmwnepq cmxnhwd,0 1,cmwnepq cmxnhwd
2phjgg cmws08e,cmws0rr cmws37j,0 1,cmws0rr cmws37j
2phl17,cmwquh4 cmwq70q,0 1,cmwquh4 cmwq70q
2phuba,cmwsitt cmwss0r,0 1,cmwsitt cmwss0r
2pi0dc,cmwufvj cmwux5h,0 1,cmwufvj cmwux5h
2pi0ww,cmwv6g1 cmx3xqo,0 1,cmwv6g1 cmx3xqo
2pja2f,cmxebko cmxgofk,1 0,cmxebko cmxgofk
2pkaw6,cmxjr2a cmy6qsq,1 0,cmxjr2a cmy6qsq
2pkrjn,cmxk1h4 cmxk1bz,0 1,cmxk1h4 cmxk1bz
2pl719,cmxu83x cmxzvyf,1 0,cmxu83x cmxzvyf
2plopk,cmxxikb cmxy9j2,0 1,cmxxikb cmxy9j2
2pm002,cn6xjbp cmy6cua,1 0,cn6xjbp cmy6cua
2pm3ce cmxzt9s,cmy88el cmy607p,0 1,cmy88el cmy607p
2pm8z7,cmy1hzg cmy1ran,1 0,cmy1hzg cmy1ran
2pmkvs,cmy4hi1 cn036uu,0 1,cmy4hi1 cn036uu
2pmtjl,cmyduir cmy4nt8,1 0,cmyduir cmy4nt8
2pmy9t,cmyc33r cmya9yh,0 1,cmyc33r cmya9yh
2pn1we,cmyq9mi cmykjbe,1 0,cmyq9mi cmykjbe
2pnsie,cmydvvi cmyg3ue,1 0,cmydvvi cmyg3ue
2poiot,cmyquw8 cmyx2d7,0 1,cmyquw8 cmyx2d7
2poq34,cmyw3di cmyreoa,1 0,cmyw3di cmyreoa
2por0g,cmzd9ei cmz0vrd,0 1,cmzd9ei cmz0vrd
2powrx,cmz2i09 cmyrycr,1 0,cmz2i09 cmyrycr
2pox4u,cmyxrl8 cmyp7qu,1 0,cmyxrl8 cmyp7qu
2ppbc8,cmz4lvp cn0fakm,0 1,cmz4lvp cn0fakm
2pqcaa,cmz2m65 cmz2h4e,1 0,cmz2m65 cmz2h4e
2pqidj cmz3870,cmz4fsf cmzw9z3,1 0,cmz4fsf cmzw9z3
2pqxw5,cmzp32u cmzbgxl,0 1,cmzp32u cmzbgxl
2pr0sh,cmzixjm cmztn5s,0 1,cmzixjm cmztn5s
2pr123 cmzcjo6,cmzcl3y cn78ufc,0 1,cmzcl3y cn78ufc
2pradp,cmzly21 cmze07p,1 0,cmzly21 cmze07p
2prdkl cmzdatn,cmze05n cmze5ds,0 1,cmze05n cmze5ds
2prdkl,cmzmyrh cmzg521,0 1,cmzmyrh cmzg521
2prfy9,cmzevmb cmzd9mo,0 1,cmzevmb cmzd9mo
2ps28g,cn05fgv cmzqp1p,0 1,cn05fgv cmzqp1p
2psbit,cmzohpx cmzo9nj,1 0,cmzohpx cmzo9nj
2psjz7,cmzv64n cn0nuik,1 0,cmzv64n cn0nuik
2pt4zf,cn0lg8m cn0dfjq,0 1,cn0lg8m cn0dfjq
2ptdhn,cmzviaj cn04kyk,1 0,cmzviaj cn04kyk
2ptk8c,cn0pdm7 cn05sa9,1 0,cn0pdm7 cn05sa9
2ptsxi,cmzznjl cn073la,1 0,cmzznjl cn073la
2ptune,cn020p7 cn004uo,0 1,cn020p7 cn004uo
2pum6l,cn0acdr cn0d9ey,0 1,cn0acdr cn0d9ey
2puq5q,cn0ab3s cn0du6h,1 0,cn0ab3s cn0du6h
2pusxe,cn0d3d3 cn07vec,1 0,cn0d3d3 cn07vec
2pvskv,cn0qy8j cn0g0rk,1 0,cn0qy8j cn0g0rk
2pvwsk,cn0sntz cn0v3j9,1 0,cn0sntz cn0v3j9
2pw14l cn0ih9f,cn0qejo cn0v227,1 0,cn0qejo cn0v227
2pw2m1,cn16fa4 cn0q5ei,1 0,cn16fa4 cn0q5ei
2pw9ob,cn0paki cn0qjdt,1 0,cn0paki cn0qjdt
2pwabh,cn0jyth cn0jzqo,1 0,cn0jyth cn0jzqo
2pwhdq,cn0m08y cn0lubi,0 1,cn0m08y cn0lubi
2pwhrw,cn0tal4 cn0q1o9,1 0,cn0tal4 cn0q1o9
2pxawn,cn0umdu cn15xj0,1 0,cn0umdu cn15xj0
2pxl3f,cn0yt9z cn0x50w,1 0,cn0yt9z cn0x50w
2pxr9p,cn0yot2 cn12sgu,1 0,cn0yot2 cn12sgu
2pycgx,cn17i29 cn1a5uy,0 1,cn17i29 cn1a5uy
2pysfb,cn1pm9f cn1871z,0 1,cn1pm9f cn1871z
2pz4vi,cn1bj3n cn1oyme,0 1,cn1bj3n cn1oyme
2pzi4g,cnd4r3y cn1g393,0 1,cnd4r3y cn1g393
2pzj85,cn1iewi cn1iubg,1 0,cn1iewi cn1iubg
2pzjte,cn1h6rz cn1jxhe,0 1,cn1h6rz cn1jxhe
2pzzis,cn1x5or cn233fe,1 0,cn1x5or cn233fe
2q01fm,cn1z06z cn26fy1,1 0,cn1z06z cn26fy1
2q06cy,cn2dt8z cn1wp8i,1 0,cn2dt8z cn1wp8i
2q08j0,cn203cy cn1mt4j,0 1,cn203cy cn1mt4j
2q0fcn,cn1z4kp cn220ix,0 1,cn1z4kp cn220ix
2q0kmu cn1pzl5,cn208a0 cn1q3jj,1 0,cn208a0 cn1q3jj
2q0kmu,cn20913 cn1yjyc,0 1,cn20913 cn1yjyc
2q0pyz,cn26roe cn22urn,0 1,cn26roe cn22urn
2q1vmo,cn2bznw cn2dacg,0 1,cn2bznw cn2dacg
2q23a4,cn3ip03 cn2jjq8,0 1,cn3ip03 cn2jjq8
2q27by,cn25anv cn2zn25,0 1,cn25anv cn2zn25
2q2ge8,cn28i5f cn26ri9,0 1,cn28i5f cn26ri9
2q2ggn,cn2uc76 cn2z2yx,1 0,cn2uc76 cn2z2yx
2q2w2d,cn2nn4w cn2dcms,1 0,cn2nn4w cn2dcms
2q2z1f,cn2i4z6 cn34gzj,1 0,cn2i4z6 cn34gzj
2q37uq,cn2g2rq cn2e8hc,1 0,cn2g2rq cn2e8hc
2q3a8q,cn2ef9k cn2f3im,0 1,cn2ef9k cn2f3im
2q3cm5,cn2g1rx cn2lcfa,1 0,cn2g1rx cn2lcfa
2q3dgl,cn3bm3u cn2sxs3,1 0,cn3bm3u cn2sxs3
2q3gj7,cn31yho cn2qge6,1 0,cn31yho cn2qge6
2q3k0z,cn3do47 cn2hc7w,1 0,cn3do47 cn2hc7w
2q3mqp,cn3cl4r cn2ygyz,1 0,cn3cl4r cn2ygyz
2q3smv,cn3p0bj cnjheha,1 0,cn3p0bj cnjheha
2q3sqx,cn2kwgr cn2mf2z,1 0,cn2kwgr cn2mf2z
2q3vvg,cn2l1d3 cn3q4zx,0 1,cn2l1d3 cn3q4zx
2q3xsu cn2rcvx,cn3i1g5 cn37xxo,1 0,cn3i1g5 cn37xxo
2q4oqv cn2vf5h,cn2vv9z cn2vubq,0 1,cn2vv9z cn2vubq
2q5dro cn33yy9,cn38azo cn34w9w,0 1,cn38azo cn34w9w
2q5kzo,cn337qr cn3way1,1 0,cn337qr cn3way1
2q5t9i,cn35828 cn3668o,1 0,cn35828 cn3668o
2q62in cn38mn7,cn3ntyc cn39t46,0 1,cn3ntyc cn39t46
2q665w,cn3k3ht cn37v9v,0 1,cn3k3ht cn37v9v
2q68wf,cn39pbv cn4r713,0 1,cn39pbv cn4r713
2q6lx8 cn3chbi cn3f2nj,cn3flnw cn3jocu,1 0,cn3flnw cn3jocu
2q6qzu,cn3fx3i cn3tmcq,0 1,cn3fx3i cn3tmcq
2q7eok,cncscxc cn3jms7,0 1,cncscxc cn3jms7
2q7tmx,cn42idm cn4dcns,1 0,cn42idm cn4dcns
2q7vdp,cn3o6gz cn3yns1,0 1,cn3o6gz cn3yns1
2q7xzt,cn3x91p cn473z0,1 0,cn3x91p cn473z0
2q8edv,cn3sssu cn3sx12,0 1,cn3sssu cn3sx12
2q8jap cn3wf8l,cn3zx2k cn3y4an,1 0,cn3zx2k cn3y4an
2q8ms4,cn3v4ov cn3wfyn,1 0,cn3v4ov cn3wfyn
2q96cj,cn4f86v cn47fyl,0 1,cn4f86v cn47fyl
2q97f9 cn40zsl cn44dv1,cn48hyl cn44ft8,1 0,cn48hyl cn44ft8
2q9erj,cn4mntx cn4brhh,0 1,cn4mntx cn4brhh
2qa31j,cn48mpe cn47tw1,0 1,cn48mpe cn47tw1
2qa55i,cn4hwb9 cn4ac3b,0 1,cn4hwb9 cn4ac3b
2qbayj,cn4jr7p cn4jtk9,1 0,cn4jr7p cn4jtk9
2qbmv7,cn4myhq cn4mnm2,0 1,cn4myhq cn4mnm2
2qbzpd,cn4uclv cn4setw,1 0,cn4uclv cn4setw
2qct8t,cn50qeg cn555br,1 0,cn50qeg cn555br
2qd34t,cn52ruk cn5hp0e,1 0,cn52ruk cn5hp0e
2qdaqa,cn51soo cn52qna,1 0,cn51soo cn52qna
2qdf4f cn52z9r cn5335a cn53w7y,cn5a0gz cn5qubd,1 0,cn5a0gz cn5qubd
2qekal cn5lf83,cn5ttd2 cn5phpa,1 0,cn5ttd2 cn5phpa
2qelol,cn5mor3 cn5l0o5,0 1,cn5mor3 cn5l0o5
2qeqs6,cn5j874 cn5fpcw,1 0,cn5j874 cn5fpcw
2qez0a,cn5u2ha cn5qe3s,1 0,cn5u2ha cn5qe3s
2qg72f,cn6bikw cn5tbql,1 0,cn6bikw cn5tbql
2qgby3,cn69itn cn692uo,0 1,cn69itn cn692uo
2qgevy,cn68aib cn6igca,1 0,cn68aib cn6igca
2qgx75,cn5z9pb cn5zmbs,1 0,cn5z9pb cn5zmbs
2qgynj,cn60pka cn60drd,1 0,cn60pka cn60drd
2qhjoq,cn66uj7 cn68z4b,1 0,cn66uj7 cn68z4b
2qic8b,cn6dsk6 cn6ijom,1 0,cn6dsk6 cn6ijom
2qilaj,cn6gee6 cn6odjl,0 1,cn6gee6 cn6odjl
2qiw1t,cn6jlsc cn6qmzo,1 0,cn6jlsc cn6qmzo
2qjbir,cn6nb43 cn6mz9x,1 0,cn6nb43 cn6mz9x
2qkgsr,cn7acpb cn75krp,0 1,cn7acpb cn75krp
2qkpe1,cn71k7y cn795oi,0 1,cn71k7y cn795oi
2ql9d9,cn7fdfm cn75z5m,1 0,cn7fdfm cn75z5m
2qlaxc,cn7cvo7 cn7n3ci,0 1,cn7cvo7 cn7n3ci
2qli05 cn7c1ix,cn7nbgs cn7zwg0,0 1,cn7nbgs cn7zwg0
2qm942,cn7jed3 cn7hei6,0 1,cn7jed3 cn7hei6
2qm98b,cn7gi26 cn7lozz,0 1,cn7gi26 cn7lozz
2qmimp,cn7fzj0 cn7fw8a,1 0,cn7fzj0 cn7fw8a
2qmkh5 cn7gety cn7pb6e,cn835sm cn8360p,0 1,cn835sm cn8360p
2qmrvd,cn7l4e8 cn7lcjq,0 1,cn7l4e8 cn7lcjq
2qn6iz,cn7o1rq cn7p9b8,0 1,cn7o1rq cn7p9b8
2qngm8,cn7pod1 cn8ak5c,0 1,cn7pod1 cn8ak5c
2qnn10,cn7tgt2 cn7s7oy,1 0,cn7tgt2 cn7s7oy
2qnppu,cn7xhfi cn7sgud,1 0,cn7xhfi cn7sgud
2qnzj9,cn81kcr cn7xv4c,0 1,cn81kcr cn7xv4c
2qob5x,cn7yt0m cn7yx6e,0 1,cn7yt0m cn7yx6e
2qpfdb,cn8y024 cn8hg50,0 1,cn8y024 cn8hg50
2qpquq,cn8z3sz cn8d7ip,1 0,cn8z3sz cn8d7ip
2qprwh,cn8lmwe cn8jrme,0 1,cn8lmwe cn8jrme
2qpz1w cn8oraj,cn8tmu0 cn8t9cp,0 1,cn8tmu0 cn8t9cp
2qqt70,cn8p0o2 cn8r6x4,1 0,cn8p0o2 cn8r6x4
2qr128,cn90nbz cn9604i,1 0,cn90nbz cn9604i
2qr1j0,cn9688o cn8scka,1 0,cn9688o cn8scka
2qra3i,cn90v8k cn991l2,0 1,cn90v8k cn991l2
2qroym,cn959hr cn8x2yy,1 0,cn959hr cn8x2yy
2qrtv8,cn8yt82 cn8wuzc,1 0,cn8yt82 cn8wuzc
2qruvq,cn929we cn8xi8i,0 1,cn929we cn8xi8i
2qs1wv,cn904m0 cn8zole,0 1,cn904m0 cn8zole
2qsspj,cn98p55 cn9b01b,0 1,cn98p55 cn9b01b
2qt1ke,cn98bzs cn9bbkj,0 1,cn98bzs cn9bbkj
2qthfi,cna4gsm cnacxvj,0 1,cna4gsm cnacxvj
2qtifo cn9cs8i,cn9dfil cn9jmdw,0 1,cn9dfil cn9jmdw
2qtipr,cn9u9eo cn9kwbq,0 1,cn9u9eo cn9kwbq
2qtsh0,cn9xx1k cn9jrhz,1 0,cn9xx1k cn9jrhz
2qtv8m,cn9w8qm cn9vtc0,0 1,cn9w8qm cn9vtc0
2qtxbt,cn9gnq7 cna40iw,1 0,cn9gnq7 cna40iw
2qufnh,cn9lz8s cn9m4nd,0 1,cn9lz8s cn9m4nd
2qugpd,cn9m31n cn9ow7m,0 1,cn9m31n cn9ow7m
2qui0h,cna3inq cn9yfuy,0 1,cna3inq cn9yfuy
2qusip,cnabi8n cn9t2h0,0 1,cnabi8n cn9t2h0
2qv0q7,cna49ua cnaqrfa,1 0,cna49ua cnaqrfa
2qvcnx,cna03v4 cna76mi,1 0,cna03v4 cna76mi
2qvmj9,cnag9vp cna1d40,0 1,cnag9vp cna1d40
2qvoc5,cnace4f cnagc95,0 1,cnace4f cnagc95
2qvuex,cnaa6fk cna1sez,1 0,cnaa6fk cna1sez
2qweiz,cnasuuk cnanwb6,0 1,cnasuuk cnanwb6
2qwja5 cna6vrg,cna7cj5 cna7heu,1 0,cna7cj5 cna7heu
2qww7t,cnanej0 cnakwyz,0 1,cnanej0 cnakwyz
2qwza5,cnamps1 cnad9po,0 1,cnamps1 cnad9po
2qwzn1 cnaan6g,cnaf5ev cnach4a,1 0,cnaf5ev cnach4a
2qwzon,cnfccn5 cnfnawh,1 0,cnfccn5 cnfnawh
2qx1nh,cnagxuc cnaegx5,0 1,cnagxuc cnaegx5
2qx22v cnahw6e,cnaqeg5 cnand1s,1 0,cnaqeg5 cnand1s
2qx9vq,cnad6tz cnaqnkp,0 1,cnad6tz cnaqnkp
2qxaep,cnajtok cnal6v2,1 0,cnajtok cnal6v2
2qxbgd,cnaqhhe cnat6wt,0 1,cnaqhhe cnat6wt
2qyacd,cnavjgw cnao32q,1 0,cnavjgw cnao32q
2qyqz1,cnawq9n cnbp3lt,1 0,cnawq9n cnbp3lt
43lz99,czj7zha czj6cy1,0 1,czj7zha czj6cy1
43m20e,czj79a5 czj7ggg,0 1,czj79a5 czj7ggg
43m2xj,czjd6j8 czj8ays,1 0,czjd6j8 czj8ays
43m4wa,czjfv1b czjfjq1,1 0,czjfv1b czjfjq1
43m580,czjb36h czj8jer,0 1,czjb36h czj8jer
43m5ow,czjgb0s czjc3gq,0 1,czjgb0s czjc3gq
43maxp,czjcxg0 czj9lad,0 1,czjcxg0 czj9lad
43n1w5,czpg6lp czjpzip,0 1,czpg6lp czjpzip
43np6w,czk1faq czjljki,0 1,czk1faq czjljki
43nvqz,czkgrfv czjkqsp,0 1,czkgrfv czjkqsp
43opb8 czjqqrt,czjuwkd czkuqed,1 0,czjuwkd czkuqed
43otcd,czjwstr czk5a5d,1 0,czjwstr czk5a5d
43p2bn,czkfcx5 czjsk2k,0 1,czkfcx5 czjsk2k
43pcme,czjv1yl czjuujt,0 1,czjv1yl czjuujt
43pd9j,czkricc czk24vy,0 1,czkricc czk24vy
43plml,czjyw40 czk3q3t,1 0,czjyw40 czk3q3t
43pyw7 czjzvd7,czk00nj czjzx3y,1 0,czk00nj czjzx3y
43q2in,czk17bc czk2wjt,0 1,czk17bc czk2wjt
43q5ne,czk37ar czk3hyz,1 0,czk37ar czk3hyz
43q7kb,czk52ap czk4luo,1 0,czk52ap czk4luo
43q87a,czk2266 czkd9pz,1 0,czk2266 czkd9pz
43qfa8,czk3qqr czk3xhm,0 1,czk3qqr czk3xhm
43qgue,czk6kp6 czkaehm,0 1,czk6kp6 czkaehm
43qgxo,czk6468 czk7mzz,1 0,czk6468 czk7mzz
43qi1h,czk9apm czkag7x,1 0,czk9apm czkag7x
43qlee,czkavxz czkg3i6,1 0,czkavxz czkg3i6
43qmkn,czl614m czk6e8i,0 1,czl614m czk6e8i
43qzhn,czk93h3 czkbbvi,1 0,czk93h3 czkbbvi
43r26s,czl280f czkasyp,1 0,czl280f czkasyp
43rrqd,czkwbdn czks53n,0 1,czkwbdn czks53n
43rzqg,czkzo99 czl73lc,1 0,czkzo99 czl73lc
43s8v6,czkz430 czkqtez,1 0,czkz430 czkqtez
43sboe,czkk8dc czkk84f,0 1,czkk8dc czkk84f
43skto czkn3mq,czkpywx czknaxb,0 1,czkpywx czknaxb
43ssf7,czkrtxk czkujew,0 1,czkrtxk czkujew
43sxkm,czl3zcd czkr6dq,0 1,czl3zcd czkr6dq
43tp6l,czkyx1b czmxflk,0 1,czkyx1b czmxflk
43u78l,czl6g4e czl7hpx,0 1,czl6g4e czl7hpx
43ub2q,czl07c1 czld20c,0 1,czl07c1 czld20c
43uoav,czl48t5 czl1um1,1 0,czl48t5 czl1um1
43uqp4 czl4iez,czl7ph0 czl7180,1 0,czl7ph0 czl7180
43urko,czl4ftj czldk16,0 1,czl4ftj czldk16
43uyvw,czl4f5x czlc71x,1 0,czl4f5x czlc71x
43vbk7,czlh51b czl9vn4,0 1,czlh51b czl9vn4
43vech,czlcvw8 czl8h5k,0 1,czlcvw8 czl8h5k
43vfvb czlclxx,czllcam czlemin,0 1,czllcam czlemin
43vjzb,czli9u9 czlid1v,0 1,czli9u9 czlid1v
43vo0c,czlblgu czlkxva,0 1,czlblgu czlkxva
43vsyn,czlbl2n czlkmf9,1 0,czlbl2n czlkmf9
43vxxe,czlcuas czlcuut,1 0,czlcuas czlcuut
43wbug,czm12gm czljpbi,0 1,czm12gm czljpbi
43wby9,czlwe6x czlzb9u,1 0,czlwe6x czlzb9u
43wtfl,czln4kt czly6k2,1 0,czln4kt czly6k2
43wys3,czlnfv8 czlwfgu,0 1,czlnfv8 czlwfgu
43x82y czlsn9v czlss98 czlwlyo,czlwosl czlzauo,0 1,czlwosl czlzauo
43xagn,czlrdyf czm8vmk,0 1,czlrdyf czm8vmk
43ylm6,czm050o czm03t6,1 0,czm050o czm03t6
43z29p,czm3km1 czmot7x,0 1,czm3km1 czmot7x
43z6lo,czm470s czm3z0v,1 0,czm470s czm3z0v
43zc0a czmak5y,czmnd51 czmg0lx,0 1,czmnd51 czmg0lx
43zcet,czmdbrx czm4vuy,1 0,czmdbrx czm4vuy
43zif4,czm9o3i czmc71i,0 1,czm9o3i czmc71i
43zm9l czmanv6,czmarda czmfipw,1 0,czmarda czmfipw
43zro8,czmcf3z czn2bkg,0 1,czmcf3z czn2bkg
43ztrl,czmco5j czmz8f3,1 0,czmco5j czmz8f3
43zudj,czm84zi czmjdjo,1 0,czm84zi czmjdjo
43zvpd,czn6xlp czmpuqy,0 1,czn6xlp czmpuqy
4402am,czmgs3l czmlrd8,1 0,czmgs3l czmlrd8
4407dk,czmauju czmt6i7,1 0,czmauju czmt6i7
4407pe,czn2pr8 czmrqcx,0 1,czn2pr8 czmrqcx
4408kd czmdj6f,czn02f4 czmh8t3,1 0,czn02f4 czmh8t3
440hrn czmdafc czmfj4i czmfjym,czmfo67 czmfue1,0 1,czmfo67 czmfue1
440jea czmervm czmp1c3,czn76z3 cznhxyx,1 0,czn76z3 cznhxyx
440t2d,czn8w0x czmp6hq,0 1,czn8w0x czmp6hq
44190y,czn3562 cznbvxy,0 1,czn3562 cznbvxy
441a53,czmlsbt czmkoqc,1 0,czmlsbt czmkoqc
441brk,czmm1lh czmp509,0 1,czmm1lh czmp509
441g7a czmmam4,czmqr48 czn2rhw,0 1,czmqr48 czn2rhw
441gw9,czn0e0d czmmj1n,1 0,czn0e0d czmmj1n
441no3,cznbv3i czmuwjg,1 0,cznbv3i czmuwjg
442gbu czmvvz9 czmw7i7,czmwmux czmxg3s,1 0,czmwmux czmxg3s
442hj5,czn8cxz cznebqz,0 1,czn8cxz cznebqz
442l72,czn1nr5 czn1tjt,1 0,czn1nr5 czn1tjt
442q68,czn4ct3 cznbk12,1 0,czn4ct3 cznbk12
442tf3,czn3tmr czncs43,0 1,czn3tmr czncs43
4430w9,czn61kp czn9sjm,0 1,czn61kp czn9sjm
443axu,czn4gev cznelue,1 0,czn4gev cznelue
443ekf,cznack8 czn6rtm,0 1,cznack8 czn6rtm
443etw,czo2vs2 cznousd,0 1,czo2vs2 cznousd
443myn,czn7ljm czn6pno,0 1,czn7ljm czn6pno
443nd6,czn6vhz czn6wqw,1 0,czn6vhz czn6wqw
443r82,czn82xe cznabac,1 0,czn82xe cznabac
443t9h,czn9y11 czoj1k2,0 1,czn9y11 czoj1k2
443vxw,cznfbys cznimla,0 1,cznfbys cznimla
4442d5,cznahzv cznaomw,0 1,cznahzv cznaomw
4443dk,czncft2 czndxvt,0 1,czncft2 czndxvt
444j6e,cznjdiw cznz6k2,1 0,cznjdiw cznz6k2
444nq1,cznfnkv cznrmcp,1 0,cznfnkv cznrmcp
444og2,cznkg22 cznjdzx,1 0,cznkg22 cznjdzx
444r5e,cznf5fu cznej44,1 0,cznf5fu cznej44
444u6h cznf0ue cznfzef,cznr9m9 cznn0wx,1 0,cznr9m9 cznn0wx
444u6h cznf0ue,cznizvn cznnf91,0 1,cznizvn cznnf91
444u6h czngzoo,czniura czny8zc,0 1,czniura czny8zc
444u6h cznh50c,cznllda czob2qn,1 0,cznllda czob2qn
444u6h,czo5vnm czni1bo,0 1,czo5vnm czni1bo
444u6h cznj0zc,cznnoya czno1lg,1 0,cznnoya czno1lg
4454os,czo1tiu czofwie,0 1,czo1tiu czofwie
4454x3 czngxjk cznh9rf cznhok9,czno8rh cznmrxx,0 1,czno8rh cznmrxx
4456os,czntdi4 czoeuek,0 1,czntdi4 czoeuek
445crl,cznnsax czof42g,0 1,cznnsax czof42g
445el4,czosmso czo0bwp,0 1,czosmso czo0bwp
445ezj,cznztrb cznoxq6,0 1,cznztrb cznoxq6
445f7d,cznro3d czo3xhd,1 0,cznro3d czo3xhd
445og2,cznl9wc cznlv6y,1 0,cznl9wc cznlv6y
445qmw,cznq38b cznpk41,1 0,cznq38b cznpk41
445yha,czo6ztr czo2jls,0 1,czo6ztr czo2jls
4468h0,cznt8fk cznt6tx,0 1,cznt8fk cznt6tx
446b91,cznvavq cznup6d,0 1,cznvavq cznup6d
446sy0,czodkmn cznvh7z,1 0,czodkmn cznvh7z
446vrp,czo6zqb czpfo27,1 0,czo6zqb czpfo27
446y0v,cznx7sc cznwxpx,0 1,cznx7sc cznwxpx
447cct,czocx4h czome3i,1 0,czocx4h czome3i
447mcs,czo5qku czomp7c,1 0,czo5qku czomp7c
447nu7,czoxzk0 czojo9s,1 0,czoxzk0 czojo9s
447peg,czo3xen czo3qn5,1 0,czo3xen czo3qn5
447vh6 czo804t,czoi634 czo8s0l,1 0,czoi634 czo8s0l
447yxn,czo7rop czobvit,1 0,czo7rop czobvit
4480m1,czo6gmm czo814n,0 1,czo6gmm czo814n
448qlk,czoiyov czojyu9,1 0,czoiyov czojyu9
449h5x,czom9z1 czosl0t,1 0,czom9z1 czosl0t
449luf,czormsk czopdk1,0 1,czormsk czopdk1
44a505,czozvph czp1h4d,1 0,czozvph czp1h4d
44aat7,czottoc czoyb0n,0 1,czottoc czoyb0n
44agcp czotqpv,czpcoyo czpew2z,1 0,czpcoyo czpew2z
44apmf,czouar0 czp7r9r,1 0,czouar0 czp7r9r
44b1j5,czotxwq czowm8n,0 1,czotxwq czowm8n
44b6ki,czoxtly czp01wi,0 1,czoxtly czp01wi
44bbd8,czowlz4 czovzyb,1 0,czowlz4 czovzyb
44bl6z,czoz2zn czoydio,0 1,czoz2zn czoydio
44bm6f,czp142s czp2ek9,0 1,czp142s czp2ek9
44bmmp,czoyppq czoyrgo,0 1,czoyppq czoyrgo
44bpuj,czp42pf czp8hhd,0 1,czp42pf czp8hhd
44btqg,czpliuw czpi9cn,1 0,czpliuw czpi9cn
44bz7x czp4chu,czrdbun czp4fcn,0 1,czrdbun czp4fcn
44c7fx,czp67hy czp6fes,1 0,czp67hy czp6fes
44c9ws,czp4inh czp53yh,0 1,czp4inh czp53yh
44ccgk czp5zqa,czp679b czpdti5,0 1,czp679b czpdti5
44ch98,czr9url czp9rfr,0 1,czr9url czp9rfr
44chhu,czpgial czp90vm,1 0,czpgial czp90vm
44cjjb,czq7u19 czq1m86,0 1,czq7u19 czq1m86
44cjsy,czph7p0 czp6uxe,1 0,czph7p0 czp6uxe
44d98g,czpdrws czpf2uo,0 1,czpdrws czpf2uo
44doxj,czqnl79 czpuzpy,1 0,czqnl79 czpuzpy
44dvrx,czq0cdi czpm141,1 0,czq0cdi czpm141
44dwss,czpmcnj czplqgo,0 1,czpmcnj czplqgo
44dxxa,czpiq6a czpj4i3,0 1,czpiq6a czpj4i3
44eicq,czq1fil czpwk44,1 0,czq1fil czpwk44
44eiu6 czppl5x,czq16if czprwj8,1 0,czq16if czprwj8
44eiu6,czpvsbd czpp4pt,1 0,czpvsbd czpp4pt
44em50,czqkq61 czpr8po,1 0,czqkq61 czpr8po
44ep5t,czpp7cq czpp4cy,1 0,czpp7cq czpp4cy
44f60v,czpz8qp czq4zr5,0 1,czpz8qp czq4zr5
44fd66,czpvm80 czq2cg3,0 1,czpvm80 czq2cg3
44fd81 czpyv3y,czqjozv czqbgh7,0 1,czqjozv czqbgh7
44fe2p,czql71l czq6lf7,1 0,czql71l czq6lf7
44fwoh,czqb670 czqatp7,1 0,czqb670 czqatp7
44g7qj,czq3zm4 czqc4l3,0 1,czq3zm4 czqc4l3
44g9hh,czpyq8m czpym08,1 0,czpyq8m czpym08
44gboq,czq3gsd czq3b4u,0 1,czq3gsd czq3b4u
44gd0u,czq86j3 czq6v4a,1 0,czq86j3 czq6v4a
44gfxu,czq4x1k czq7tay,1 0,czq4x1k czq7tay
44gy86,czqe8h4 czq73yx,1 0,czqe8h4 czq73yx
44h0sj,czq6f4h czq5dex,0 1,czq6f4h czq5dex
44h0tn,czqh29u czqyjih,1 0,czqh29u czqyjih
44h3k5,czq4ya6 czq4nan,1 0,czq4ya6 czq4nan
44h5ev,czq4y57 czq4y24,0 1,czq4y57 czq4y24
44hetv,czqx6zv czq8sa6,1 0,czqx6zv czq8sa6
44hmeh,czqf9ig czqbqmp,0 1,czqf9ig czqbqmp
44i2c0,czqg818 czqm6pd,1 0,czqg818 czqm6pd
44idg7,czqgfti czqq1l2,1 0,czqgfti czqq1l2
44iqux,czqgx4h czqxom3,1 0,czqgx4h czqxom3
44isez,czquyra czquosp,0 1,czquyra czquosp
44isuo,czr18ez czr3t6k,1 0,czr18ez czr3t6k
44itgs,czqlr4l czqnvve,1 0,czqlr4l czqnvve
44ixkv,czqkvw9 czqopqu,0 1,czqkvw9 czqopqu
44ja0p czqkras,czqksnx czqkt52,0 1,czqksnx czqkt52
44jcvy,czr36bc czqokja,1 0,czr36bc czqokja
44jplf,czr4m4f czqwsv4,1 0,czr4m4f czqwsv4
44jrpc,czqqnxw czr9low,1 0,czqqnxw czr9low
44k3sk,czqs5h4 czqsps6,1 0,czqs5h4 czqsps6
44k4wt,czr7b53 czqtjca,1 0,czr7b53 czqtjca
44k820,czr3f2e czqyth0,1 0,czr3f2e czqyth0
44kf4l,czquo8z czr0r2y,1 0,czquo8z czr0r2y
44kh6j,czr77uj czqz7hk,0 1,czr77uj czqz7hk
44kk0s,czr2mvs czqx2sc,0 1,czr2mvs czqx2sc
44kki9,czqv7qz czqv67q,0 1,czqv7qz czqv67q
44l1bb,czrikve czrdp6f,1 0,czrikve czrdp6f
44layf czr0jwt,czr1914 czr0xdw,1 0,czr1914 czr0xdw
44lifj,czr0itj czrffha,0 1,czr0itj czrffha
44lm7v,czrsglj czr0wga,1 0,czrsglj czr0wga
44lnj5,czr43st czrgv0d,1 0,czr43st czrgv0d
44lp7p,czraubz czrk87f,1 0,czraubz czrk87f
44lsak,czr27hq czr9teo,1 0,czr27hq czr9teo
44m030,czrj55j czrubyg,1 0,czrj55j czrubyg
44m60z,czs4r44 czr4two,0 1,czs4r44 czr4two
44m7z8,czrsb8p czrf2zo,1 0,czrsb8p czrf2zo
44m9n3,czr4zu6 czr6ndc,0 1,czr4zu6 czr6ndc
44mjgk,czrcb25 czreu8k,0 1,czrcb25 czreu8k
44mx34 czrcre0,czrer77 czruc5i,1 0,czrer77 czruc5i
44n2sb,czrmj4g czrmns8,1 0,czrmj4g czrmns8
44n851,czriz54 czs1uhh,0 1,czriz54 czs1uhh
44nap2 czrj90w,czrk35c czrrlkq,1 0,czrk35c czrrlkq
44ndfh,czs2uq3 czrnwat,1 0,czs2uq3 czrnwat
44nhr6 czre821,czrez8m czredhg,1 0,czrez8m czredhg
44nujz,czs1wd4 czroosr,1 0,czs1wd4 czroosr
44nv5c,czro0sy czrjnle,1 0,czro0sy czrjnle
44nz2k,czrnua1 czrwncs,1 0,czrnua1 czrwncs
44o182,czs4ydk czs3cm6,1 0,czs4ydk czs3cm6
44o4kx,czrz9h2 czrnqrf,1 0,czrz9h2 czrnqrf
44ogt7,czrmaho czrrszp,0 1,czrmaho czrrszp
44omoz,czs457r czs5ns4,0 1,czs457r czs5ns4
44p3lh,czs2qfl czrwdb8,0 1,czs2qfl czrwdb8
44p6ps,czsujc6 czs5b4b,0 1,czsujc6 czs5b4b
44p775,czs0lvf czs2fty,0 1,czs0lvf czs2fty
44p98w,czs91ym czs033t,1 0,czs91ym czs033t
44p9of,czrwgq1 czrxk5j,1 0,czrwgq1 czrxk5j
44p9v7,czspffb czrvr33,0 1,czspffb czrvr33
44pbks,czs58av czsc6wg,1 0,czs58av czsc6wg
44ph4t czs493d,czs7ck8 czs4nlc,0 1,czs7ck8 czs4nlc
44pmrn,czs5ief czryyfg,1 0,czs5ief czryyfg
44q9mh,czsmy44 czs97ai,1 0,czsmy44 czs97ai
44qixm,czs49cf czs50iw,1 0,czs49cf czs50iw
44qm56,czs4okm czs4cjq,0 1,czs4okm czs4cjq
44rai6,czskkxn czsg9kb,0 1,czskkxn czsg9kb
44re7d,czsch3n czt3rfk,1 0,czsch3n czt3rfk
44rqvx,czsdb4t czslslg,0 1,czsdb4t czslslg
44rt6b,czsh9q1 czsgo2b,0 1,czsh9q1 czsgo2b
44scy1,czsjw85 czsipf3,0 1,czsjw85 czsipf3
44sfz9,czsiyr7 czsqjiw,1 0,czsiyr7 czsqjiw
44sq0g,cztwndf czsm15w,1 0,cztwndf czsm15w
44t02h,czsnso9 czsriql,0 1,czsnso9 czsriql
44tgy9,czsucqi czsrgje,1 0,czsucqi czsrgje
44tq9l,cztedcb czszmov,1 0,cztedcb czszmov
44up86,cztgkrq czt5t1j,0 1,cztgkrq czt5t1j
44v7na,czt62l3 czt5ww2,1 0,czt62l3 czt5ww2
44vb78,cztbmw6 cztf6jw,0 1,cztbmw6 cztf6jw
44w2ww cztbp6i,cztmni1 czti2oo,0 1,cztmni1 czti2oo
44wcgm,cztnh42 cztppe6,1 0,cztnh42 cztppe6
44wgvg,cztqwat cztf0tw,0 1,cztqwat cztf0tw
44wi0e,cztpaya czu7nqe,0 1,cztpaya czu7nqe
44wkx2,cztgkdu czte54b,0 1,cztgkdu czte54b
44wmnc,czteyft cztszwa,1 0,czteyft cztszwa
44wzna,cztpzv8 cztq0q2,1 0,cztpzv8 cztq0q2
44x447,cztzpnl czu3peq,0 1,cztzpnl czu3peq
44xczv,cztlnkp cztjvhr,1 0,cztlnkp cztjvhr
44xd6x,cztjxtp cztksvs,0 1,cztjxtp cztksvs
44xh89,cztl1a7 cztlmoo,1 0,cztl1a7 cztlmoo
44xj6p,cztu8xd cztuz6g,1 0,cztu8xd cztuz6g
44xmbo,czttm6t cztxhiy,1 0,czttm6t cztxhiy
44xr6k,cztmu1m czttzuq,0 1,cztmu1m czttzuq
44y4p3,cztvoe3 cztr6vq,0 1,cztvoe3 cztr6vq
44y9rn,czudd8n czuovml,1 0,czudd8n czuovml
44yfi6,cztulcz cztswuc,0 1,cztulcz cztswuc
44ykrj,czunlsi czufd45,1 0,czunlsi czufd45
44yr2h,czuk57c czur6dc,1 0,czuk57c czur6dc
44ywxd,cztwjnn cztygut,0 1,cztwjnn cztygut
44z53m,cztyjp8 czu0vt3,0 1,cztyjp8 czu0vt3
44za32,cztzt9r cztzsee,0 1,cztzt9r cztzsee
44zixg,czu2vjf czutdf1,1 0,czu2vjf czutdf1
44zkj8,czucast czu3lc9,1 0,czucast czu3lc9
44zmhi,czuf4q3 czuluw6,0 1,czuf4q3 czuluw6
44zosm,czu3gqz czu4asf,0 1,czu3gqz czu4asf
44zxu3,czu68m5 czuikqo,0 1,czu68m5 czuikqo
450778,czu7wqo czu7uck,0 1,czu7wqo czu7uck
450cwk,czucjfm czu9izy,1 0,czucjfm czu9izy
450d6g,czubd5c czubtzk,0 1,czubd5c czubtzk
450gh2,czusou8 czuqo6f,0 1,czusou8 czuqo6f
450klc,czuqcx4 czuwzhc,1 0,czuqcx4 czuwzhc
450s19,czueb72 czuma4n,1 0,czueb72 czuma4n
450zhq,czux3sm czufgck,1 0,czux3sm czufgck
4517cu,czugnz9 czugpby,0 1,czugnz9 czugpby
451wwr,czulamx czumeg8,1 0,czulamx czumeg8
4520ik,czultld czumaix,0 1,czultld czumaix
452125,czuw6oe czuw9lb,1 0,czuw6oe czuw9lb
452abg,czvpvx8 czv5tx0,0 1,czvpvx8 czv5tx0
452m5n,czupt38 czup3gh,1 0,czupt38 czup3gh
452nry,czuxlgc czv4owt,1 0,czuxlgc czv4owt
4530i1,czurqqp czuypo0,0 1,czurqqp czuypo0
453350,czvbgo2 czuz04n,0 1,czvbgo2 czuz04n
453581,czvhfq5 czut8jz,0 1,czvhfq5 czut8jz
4536ow,czuxf06 czuuim9,1 0,czuxf06 czuuim9
453gcb,czw1glu czuw3um,0 1,czw1glu czuw3um
453zba czv021e czv1mwo,czvkebm czvi8a5,0 1,czvkebm czvi8a5
4542g9,czvbyi9 czv2a5y,0 1,czvbyi9 czv2a5y
4543gk,czv17kk czv0hus,1 0,czv17kk czv0hus
45446h czv0tlm,czvb4xs czv2hyi,1 0,czvb4xs czv2hyi
45487q,czv23gi czv9591,0 1,czv23gi czv9591
454on0,czv9if9 czvoct1,1 0,czv9if9 czvoct1
4553fm,czvacfy czv9pjy,0 1,czvacfy czv9pjy
4553my czv8v5a,czvd4oz czv9cie,0 1,czvd4oz czv9cie
4556hl,czvedux czvb3ns,1 0,czvedux czvb3ns
45575h,czved44 czvdq42,1 0,czved44 czvdq42
455buh,czvh6vq czvm7ov,1 0,czvh6vq czvm7ov
455ebs,czvb8n1 czvb3ar,0 1,czvb8n1 czvb3ar
455i60 czvimjw,czvkb0d czvmb1q,1 0,czvkb0d czvmb1q
455i60,czvkoju czvlcuz,0 1,czvkoju czvlcuz
455mji,czvwunq czveg3k,0 1,czvwunq czveg3k
455mzu,czvgmmr czve9hp,0 1,czvgmmr czve9hp
456bhs czvjszu,czvoojf czvncsg,0 1,czvoojf czvncsg
456c3b,czvvbhr czw7aqj,1 0,czvvbhr czw7aqj
456cox,czvu35y czvvvkq,0 1,czvu35y czvvvkq
456dz4,czvj1ef czvjcd1,0 1,czvj1ef czvjcd1
456fx5,czvx8gs czvyinv,0 1,czvx8gs czvyinv
456ipr,czvon2s czvt4hg,1 0,czvon2s czvt4hg
456jqc,czvl9r0 czw410u,0 1,czvl9r0 czw410u
456k6f,czvmsxk czvkhzh,1 0,czvmsxk czvkhzh
456nkx,czx1e2l czw0nsk,0 1,czx1e2l czw0nsk
456zfc,czvola2 czvzq2h,0 1,czvola2 czvzq2h
4570iw,czvrbd1 czwixxm,0 1,czvrbd1 czwixxm
4579sz,czwhzmt czvyno4,1 0,czwhzmt czvyno4
457cud,czw3a9d czwqnb4,0 1,czw3a9d czwqnb4
457hh6,czw88oe czvzexq,1 0,czw88oe czvzexq
457n5r czvwnob,czw86fd czw1xl4,0 1,czw86fd czw1xl4
458oan,czvynvs czw8isd,0 1,czvynvs czw8isd
458qgq,czw055u czx03qm,1 0,czw055u czx03qm
458tim,czw0w44 czw15ep,1 0,czw0w44 czw15ep
